{"cameraMode":{"drawMode":31,"name":"Sprite Mask","section":"Miscellaneous"},"sceneLighting":true,"audioPlay":false,"sceneViewState":{"m_AlwaysRefresh":false,"showFog":true,"showSkybox":true,"showFlares":true,"showImageEffects":true,"showParticleSystems":true,"showVisualEffectGraphs":true,"m_FxEnabled":true},"in2DMode":false,"pivot":{"x":164.60435485839845,"y":-4.524255275726318,"z":191.26959228515626},"rotation":{"x":0.32156413793563845,"y":0.07417280226945877,"z":-0.027664178982377054,"w":0.9439898729324341},"size":9.724353790283204,"orthographic":false}