{"cameraMode":{"drawMode":0,"name":"Shaded","section":"Shading Mode"},"sceneLighting":true,"audioPlay":false,"sceneViewState":{"showFog":true,"showMaterialUpdate":false,"showSkybox":true,"showFlares":true,"showImageEffects":true,"showParticleSystems":true},"in2DMode":false,"pivot":{"x":24.73526954650879,"y":10.356802940368653,"z":24.019535064697267},"rotation":{"x":-0.01322394609451294,"y":0.9773919582366943,"z":-0.2009877860546112,"w":-0.06430583447217941},"size":13.608617782592774,"orthographic":false}